"","Treatment","sd","mean","median","IQR","n","se","ci"
"1","CHG",0.00406552673757865,0.000578552930676903,0.0014299210732679,0.00205228216577358,16,0.00101638168439466,0.00199210810141354
"2","CUR",0.00328389195803369,-0.00100720016963922,-0.00068825320551962,0.0036778137312124,19,0.000753376483503935,0.00147661790766771
"3","TMP",0.00349419596530622,0.00107531629962912,0.000601282272105582,0.00515613288262707,16,0.000873548991326556,0.00171215602300005
