"","Avg All Points Corrected Slopes","Med All Points Corrected Slopes","All Points Corrected Slopes SD","Avg 80% DO Corrected Slopes","Med 80% DO Corrected Slopes","80% DO Corrected Slopes SD","Avg 70% DO Corrected Slopes","Med 70% DO Corrected Slopes","70% DO Corrected Slopes SD","Avg 1hr Corrected Slopes","Med 1hr Corrected Slopes","1hr Corrected Slopes SD"
"CHG",-0.00810689551480937,-0.00779566397061442,0.00426561837074636,0.000578552930676903,0.0014299210732679,0.00406552673757865,-0.000497646170506737,-4.15871294126291e-05,0.0031732320383893,-0.00177620786906284,-0.00203640732817202,0.00558335772239593
"CUR",-0.0103311733553495,-0.00989889392451651,0.00667489251945137,-0.00100720016963922,-0.00068825320551962,0.00328389195803369,-0.000307108214004737,-2.57065552413133e-05,0.00229878960175597,0.00237959430751565,0.00102097845142292,0.0112982570314086
"TMP",-0.00975256730798927,-0.00860151963191778,0.00678307686545413,0.00107531629962912,0.000601282272105582,0.00349419596530622,0.000233905318210427,0.000407709709326399,0.00281394985419789,-0.00250053148020675,-0.00365056762782397,0.00483843955594735
