"","Treatment","sd","mean","median","IQR","n","se","ci"
"1","CHG",0.0031732320383893,-0.000497646170506737,-4.15871294126291e-05,0.00290097084753072,16,0.000793308009597325,0.00155488369881076
"2","CUR",0.00229878960175597,-0.000307108214004737,-2.57065552413133e-05,0.00241888722180117,19,0.000527378503500862,0.00103366186686169
"3","TMP",0.00281394985419789,0.000233905318210427,0.000407709709326399,0.00384842946002605,16,0.000703487463549473,0.00137883542855697
