"","Treatment","sd","mean","median","IQR","n","se","ci"
"1","CHG",0.00426561837074636,-0.00810689551480937,-0.00779566397061442,0.00723800111944382,16,0.00106640459268659,0.00209015300166572
"2","CUR",0.00667489251945137,-0.0103311733553495,-0.00989889392451651,0.0092086385997209,19,0.00153132536585706,0.00300139771707983
"3","TMP",0.00678307686545413,-0.00975256730798927,-0.00860151963191778,0.00947900465327736,16,0.00169576921636353,0.00332370766407252
